valor_leido,valor_real,campo,emisor,fecha_utc,scan_id
00000888000100000009679,0000088800010000009679,cuenta_receptora,LEMON,2026-06-24 11:56:13,
0000008800010000009671,0000088800010000009679,cuenta_receptora,,2026-06-27 09:50:58,
00000088800010000009679,0000088800010000009679,cuenta_receptora,Mercado Pago,2026-06-27 22:21:35,
00000888000100000009679,0000088800010000009679,cuenta_receptora,Lemon,2026-06-27 22:42:46,
0000888000100000009679,0000088800010000009679,cuenta_receptora,Cuenta DNI,2026-06-27 22:53:13,
0000088800100000009679,0000088800010000009679,cuenta_receptora,Naranja X,2026-06-27 23:06:25,
00000088800010000009679,0000088800010000009679,cuenta_receptora,Mercado Pago,2026-06-27 23:24:58,
0000008880010000009679,0000088800010000009679,cuenta_receptora,Mercado Pago,2026-06-27 23:33:35,
000008880010000009679,0000088800010000009679,cuenta_receptora,Mercado Pago,2026-06-27 23:34:59,
0000888000100000009679,0000088800010000009679,cuenta_receptora,Mercado Pago,2026-06-27 23:40:22,
00000888000100000009679,0000088800010000009679,cuenta_receptora,,2026-06-27 23:41:00,
00000888000100000009679,0000088800010000009679,cuenta_receptora,,2026-06-27 23:42:43,
0000008800010000009679,0000088800010000009679,cuenta_receptora,,2026-06-27 23:43:07,
000000880000100000096979,0000088800010000009679,cuenta_receptora,Mercado Pago,2026-06-27 23:43:39,
0000008800010000009679,0000088800010000009679,cuenta_receptora,,2026-06-27 23:59:24,
00000088800010000009679,0000088800010000009679,cuenta_receptora,Mercado Pago,2026-06-28 00:13:27,
00000888000100000009679,0000088800010000009679,cuenta_receptora,,2026-06-28 07:22:29,
0000008800010000009679,0000088800010000009679,cuenta_receptora,,2026-06-28 07:23:03,
000088800010000009679,0000088800010000009679,cuenta_receptora,,2026-06-28 07:23:54,
00008880001000000009679,0000088800010000009679,cuenta_receptora,,2026-06-28 07:24:53,
00000888000100000009679,0000088800010000009679,cuenta_receptora,,2026-06-28 07:26:18,
00000888000100C00009679,0000088800010000009679,cuenta_receptora,,2026-06-28 07:29:20,
00000888000100000009679,0000088800010000009679,cuenta_receptora,,2026-06-28 07:30:30,
00000888000100C00009679,0000088800010000009679,cuenta_receptora,,2026-06-28 07:31:17,
00000888000100000009679,0000088800010000009679,cuenta_receptora,BNA+,2026-06-28 08:26:09,
000088800010000009679,0000088800010000009679,cuenta_receptora,BNA+,2026-06-28 08:27:29,
000088800010000009679,0000088800010000009679,cuenta_receptora,,2026-06-28 08:29:02,
00000888000100000009679,0000088800010000009679,cuenta_receptora,BNA+,2026-06-28 08:58:00,
00000888000100000009679,0000088800010000009679,cuenta_receptora,BNA+,2026-06-29 01:54:40,
00000888000100000009679,0000088800010000009679,cuenta_receptora,BNA+,2026-06-29 01:55:07,
00000088800010000009679,0000088800010000009679,cuenta_receptora,Mercado Pago,2026-06-29 05:35:02,
000008880010000009679,0000088800010000009679,cuenta_receptora,Mercado Pago,2026-06-29 09:06:18,
00000088800010000009679,0000088800010000009679,cuenta_receptora,Mercado Pago,2026-06-29 09:06:53,
0000088800010000000679,0000088800010000009679,cuenta_receptora,Lemon,2026-07-02 06:13:17,
000008880001000000679,0000088800010000009679,cuenta_receptora,Lemon,2026-07-02 06:14:48,
00000880000100000009679,0000088800010000009679,cuenta_receptora,CVU,2026-07-02 06:15:55,
000008880001000000967,0000088800010000009679,cuenta_receptora,Mercado Pago,2026-07-05 04:29:55,
000008880001000000967,0000088800010000009679,cuenta_receptora,Mercado Pago,2026-07-06 06:20:30,
000008880001000000084,0000088800010000009679,cuenta_receptora,Mercado Pago,2026-07-06 15:23:21,
000008880001000000967,0000088800010000009679,cuenta_receptora,Mercado Pago,2026-07-14 07:46:38,
000008880001000009679,0000088800010000009679,cuenta_receptora,Mercado Pago,2026-07-30 18:03:55,
